--
-- PostgreSQL database cluster dump
--

SET default_transaction_read_only = off;

SET client_encoding = 'UTF8';
SET standard_conforming_strings = on;

--
-- Roles
--

CREATE ROLE myuser;
ALTER ROLE myuser WITH SUPERUSER INHERIT CREATEROLE CREATEDB LOGIN REPLICATION BYPASSRLS PASSWORD 'SCRAM-SHA-256$4096:AcpG2qpl5+J2y13vMT8Cyg==$Nt5JvcCSoxOnZdPs10BvVrfcwvTrlF8qZTUo4ahIJqw=:1F7fXjziZkYxmCJXVNob9DMPy/yHIDcWnzUXoNCd/b0=';

--
-- User Configurations
--








--
-- Databases
--

--
-- Database "template1" dump
--

\connect template1

--
-- PostgreSQL database dump
--

-- Dumped from database version 17.5 (Debian 17.5-1.pgdg120+1)
-- Dumped by pg_dump version 17.5 (Homebrew)

SET statement_timeout = 0;
SET lock_timeout = 0;
SET idle_in_transaction_session_timeout = 0;
SET transaction_timeout = 0;
SET client_encoding = 'UTF8';
SET standard_conforming_strings = on;
SELECT pg_catalog.set_config('search_path', '', false);
SET check_function_bodies = false;
SET xmloption = content;
SET client_min_messages = warning;
SET row_security = off;

--
-- PostgreSQL database dump complete
--

--
-- Database "car_db" dump
--

--
-- PostgreSQL database dump
--

-- Dumped from database version 17.5 (Debian 17.5-1.pgdg120+1)
-- Dumped by pg_dump version 17.5 (Homebrew)

SET statement_timeout = 0;
SET lock_timeout = 0;
SET idle_in_transaction_session_timeout = 0;
SET transaction_timeout = 0;
SET client_encoding = 'UTF8';
SET standard_conforming_strings = on;
SELECT pg_catalog.set_config('search_path', '', false);
SET check_function_bodies = false;
SET xmloption = content;
SET client_min_messages = warning;
SET row_security = off;

--
-- Name: car_db; Type: DATABASE; Schema: -; Owner: myuser
--

CREATE DATABASE car_db WITH TEMPLATE = template0 ENCODING = 'UTF8' LOCALE_PROVIDER = libc LOCALE = 'en_US.utf8';


ALTER DATABASE car_db OWNER TO myuser;

\connect car_db

SET statement_timeout = 0;
SET lock_timeout = 0;
SET idle_in_transaction_session_timeout = 0;
SET transaction_timeout = 0;
SET client_encoding = 'UTF8';
SET standard_conforming_strings = on;
SELECT pg_catalog.set_config('search_path', '', false);
SET check_function_bodies = false;
SET xmloption = content;
SET client_min_messages = warning;
SET row_security = off;

SET default_tablespace = '';

SET default_table_access_method = heap;

--
-- Name: klienci; Type: TABLE; Schema: public; Owner: myuser
--

CREATE TABLE public.klienci (
    id integer NOT NULL,
    adres character varying(255),
    email character varying(255),
    numer_telefonu character varying(255)
);


ALTER TABLE public.klienci OWNER TO myuser;

--
-- Name: klienci_firmowi; Type: TABLE; Schema: public; Owner: myuser
--

CREATE TABLE public.klienci_firmowi (
    nazwa_firmy character varying(255),
    nip character varying(10),
    id integer NOT NULL
);


ALTER TABLE public.klienci_firmowi OWNER TO myuser;

--
-- Name: klienci_id_seq; Type: SEQUENCE; Schema: public; Owner: myuser
--

ALTER TABLE public.klienci ALTER COLUMN id ADD GENERATED BY DEFAULT AS IDENTITY (
    SEQUENCE NAME public.klienci_id_seq
    START WITH 1
    INCREMENT BY 1
    NO MINVALUE
    NO MAXVALUE
    CACHE 1
);


--
-- Name: klienci_prywatni; Type: TABLE; Schema: public; Owner: myuser
--

CREATE TABLE public.klienci_prywatni (
    imie character varying(255),
    pesel character varying(11),
    nazwisko character varying(255),
    id integer NOT NULL
);


ALTER TABLE public.klienci_prywatni OWNER TO myuser;

--
-- Name: samochod_silnik; Type: TABLE; Schema: public; Owner: myuser
--

CREATE TABLE public.samochod_silnik (
    car_id integer NOT NULL,
    engine_id integer NOT NULL
);


ALTER TABLE public.samochod_silnik OWNER TO myuser;

--
-- Name: samochody; Type: TABLE; Schema: public; Owner: myuser
--

CREATE TABLE public.samochody (
    id integer NOT NULL,
    przyspieszenie double precision,
    rodzaj_nadwozia character varying(255),
    kolor character varying(255),
    stan character varying(255),
    opis character varying(255),
    rodzaj_napedu character varying(255),
    zuzycie_paliwa double precision,
    zdjecie character varying(255),
    przebieg_km integer,
    model character varying(255),
    nazwa character varying(255),
    cena numeric(10,2),
    rok_produkcji integer,
    predkosc_maksymalna double precision,
    skrzynia_biegow character varying(255),
    numer_vin character varying(255),
    CONSTRAINT samochody_rodzaj_nadwozia_check CHECK (((rodzaj_nadwozia)::text = ANY ((ARRAY['suv'::character varying, 'compact'::character varying, 'cabriolet'::character varying, 'combi'::character varying, 'limuzyna'::character varying, 'coupe'::character varying])::text[]))),
    CONSTRAINT samochody_rodzaj_napedu_check CHECK (((rodzaj_napedu)::text = ANY ((ARRAY['NAPĘD_TYLNY'::character varying, 'NA_WSZYSTKIE_KOŁA'::character varying, 'NAPĘD_PRZEDNI'::character varying])::text[]))),
    CONSTRAINT samochody_skrzynia_biegow_check CHECK (((skrzynia_biegow)::text = ANY ((ARRAY['AUTO_7'::character varying, 'AUTO_1'::character varying, 'AUTO_8'::character varying, 'MANUAL_6'::character varying])::text[]))),
    CONSTRAINT samochody_stan_check CHECK (((stan)::text = ANY ((ARRAY['nowy'::character varying, 'używany'::character varying])::text[])))
);


ALTER TABLE public.samochody OWNER TO myuser;

--
-- Name: samochody_id_seq; Type: SEQUENCE; Schema: public; Owner: myuser
--

ALTER TABLE public.samochody ALTER COLUMN id ADD GENERATED BY DEFAULT AS IDENTITY (
    SEQUENCE NAME public.samochody_id_seq
    START WITH 1
    INCREMENT BY 1
    NO MINVALUE
    NO MAXVALUE
    CACHE 1
);


--
-- Name: silniki; Type: TABLE; Schema: public; Owner: myuser
--

CREATE TABLE public.silniki (
    id integer NOT NULL,
    rodzaj_paliwa character varying(255),
    moc_silnika integer,
    CONSTRAINT silniki_rodzaj_paliwa_check CHECK (((rodzaj_paliwa)::text = ANY ((ARRAY['elektryczny'::character varying, 'benzyna'::character varying, 'diesel'::character varying])::text[])))
);


ALTER TABLE public.silniki OWNER TO myuser;

--
-- Name: silniki_elektryczne; Type: TABLE; Schema: public; Owner: myuser
--

CREATE TABLE public.silniki_elektryczne (
    pojemnosc_akumulatora double precision,
    id integer NOT NULL
);


ALTER TABLE public.silniki_elektryczne OWNER TO myuser;

--
-- Name: silniki_id_seq; Type: SEQUENCE; Schema: public; Owner: myuser
--

ALTER TABLE public.silniki ALTER COLUMN id ADD GENERATED BY DEFAULT AS IDENTITY (
    SEQUENCE NAME public.silniki_id_seq
    START WITH 1
    INCREMENT BY 1
    NO MINVALUE
    NO MAXVALUE
    CACHE 1
);


--
-- Name: silniki_spalinowe; Type: TABLE; Schema: public; Owner: myuser
--

CREATE TABLE public.silniki_spalinowe (
    liczba_cylindrow integer,
    pojemnosc double precision,
    id integer NOT NULL
);


ALTER TABLE public.silniki_spalinowe OWNER TO myuser;

--
-- Name: transakcje; Type: TABLE; Schema: public; Owner: myuser
--

CREATE TABLE public.transakcje (
    id integer NOT NULL,
    czy_ubezpieczony boolean,
    sposob_platnosci character varying(255),
    czy_zarejestrowany boolean,
    kwota numeric(38,2),
    data_transakcji timestamp(6) without time zone,
    car_id integer,
    client_id integer,
    CONSTRAINT transakcje_sposob_platnosci_check CHECK (((sposob_platnosci)::text = ANY ((ARRAY['GOTÓWKA'::character varying, 'KARTA'::character varying, 'PRZELEW'::character varying])::text[])))
);


ALTER TABLE public.transakcje OWNER TO myuser;

--
-- Name: transakcje_id_seq; Type: SEQUENCE; Schema: public; Owner: myuser
--

ALTER TABLE public.transakcje ALTER COLUMN id ADD GENERATED BY DEFAULT AS IDENTITY (
    SEQUENCE NAME public.transakcje_id_seq
    START WITH 1
    INCREMENT BY 1
    NO MINVALUE
    NO MAXVALUE
    CACHE 1
);


--
-- Data for Name: klienci; Type: TABLE DATA; Schema: public; Owner: myuser
--

COPY public.klienci (id, adres, email, numer_telefonu) FROM stdin;
1	ul. Wschodnia 54/98, 58-227 Iława	andrzejwasiuk@example.org	514 746 132
2	aleja Nadbrzeżna 78, 38-540 Skawina	aurelia61@example.com	737 034 313
3	al. Częstochowska 13, 53-517 Piastów	cyprian50@example.com	+48 784 733 240
4	ulica Glówna 76, 51-255 Bydgoszcz	wolocholiwier@example.net	+48 22 283 85 71
5	plac Pocztowa 130, 14-940 Sanok	rozalia44@example.net	32 800 14 07
6	aleja Mieszka I 49, 25-314 Gliwice	nozkadagmara@example.net	661 188 562
7	aleja Księżycowa 889, 49-834 Nowy Dwór Mazowiecki	krystianmajos@example.com	+48 601 357 152
8	al. Piastowska 59, 85-193 Słupsk	vros@example.net	+48 505 903 060
9	ul. Lelewela 00/63, 12-398 Puławy	marianna25@example.com	+48 32 254 96 43
10	aleja Rataja 390, 49-739 Ostrów Mazowiecka	wjedruch@example.net	22 343 61 58
11	plac Kilińskiego 66, 55-445 Ostrołęka	muniakkrystyna@example.com	+48 737 434 841
12	plac Składowa 262, 94-414 Luboń	dorociakjuliusz@example.com	786 062 348
13	pl. Bursztynowa 192, 53-737 Sochaczew	wciepla@example.net	+48 662 411 002
14	ulica Andersa 531, 45-671 Chorzów	idagrymuza@example.com	511 891 152
15	plac Bolesława Krzywoustego 25/34, 96-167 Łomża	kazubekmaciej@example.org	662 657 693
16	al. Staffa 07, 19-126 Świdnik	ljozwik@example.org	+48 794 932 029
17	plac Zachodnia 34, 09-187 Jaworzno	tymon62@example.net	790 171 212
18	plac Jaśminowa 916, 24-943 Głogów	lorenzbartek@example.net	730 068 419
19	ulica Spokojna 21/72, 76-065 Śrem	vbondyra@example.com	+48 601 896 786
20	pl. Wybickiego 05, 66-557 Marki	iwosuperson@example.net	503 783 928
21	pl. Polna 90/25, 97-600 Gniezno	jacek10@example.com	+48 697 142 598
22	al. Listopada 16/84, 29-768 Chojnice	piotr56@example.com	532 270 835
23	aleja Malinowa 49, 69-288 Płock	kazimierczuknatasza@example.net	+48 698 012 580
24	ul. Pułaskiego 428, 18-536 Rybnik	adamkedziorek@example.com	726 756 892
25	ul. Graniczna 31/55, 21-265 Racibórz	jan50@example.com	+48 887 393 517
26	aleja Mazurska 32/72, 52-059 Mielec	jkiepas@example.net	797 673 172
27	al. Konstytucji 3 Maja 23/73, 85-409 Sopot	stempinblanka@example.com	+48 789 265 030
28	pl. Traugutta 563, 84-050 Zawiercie	nataniel22@example.org	+48 505 873 352
29	ul. Toruńska 47, 41-614 Piotrków Trybunalski	liwia37@example.net	+48 721 416 160
30	ulica Wysoka 060, 72-209 Nowy Dwór Mazowiecki	koperekaniela@example.org	578 985 656
31	aleja Górnicza 48, 48-741 Jaworzno	jandrys@example.com	609 264 983
32	ul. Zapolskiej 967, 79-966 Tarnowskie Góry	konstanty34@example.org	+48 727 948 935
33	ul. Młyńska 29, 30-347 Tarnobrzeg	szymon40@example.net	698 779 988
34	pl. Jana 07/09, 62-857 Poznań	dominikbodek@example.org	731 790 909
35	aleja Wiśniowa 952, 68-266 Jarocin	kaja71@example.org	788 423 460
36	aleja Jaskółcza 19/29, 22-684 Siedlce	iwanowjustyna@example.org	780 050 208
37	aleja Warszawska 27, 47-200 Suwałki	rbondyra@example.com	+48 22 403 14 58
38	pl. Pomorska 152, 71-420 Skawina	ukostek@example.com	732 288 100
39	aleja Miodowa 69/57, 86-446 Płońsk	nikodemkozieja@example.net	32 234 43 64
40	aleja Rzeczna 739, 48-649 Ełk	imolak@example.com	605 531 853
41	ulica Szymanowskiego 20/58, 86-775 Polkowice	nela76@example.com	576 443 358
42	plac Pomorska 08, 57-703 Mikołów	anastazja74@example.com	+48 510 266 022
43	aleja Dębowa 14, 38-744 Malbork	omakaruk@example.org	+48 22 947 36 24
44	ul. Maczka 08/52, 09-112 Jelenia Góra	natangogol@example.net	664 803 151
45	aleja Żabia 89/33, 64-170 Mysłowice	justynaszumacher@example.net	602 374 603
46	aleja Zakole 825, 13-928 Dębica	biankagolenia@example.com	+48 735 757 253
47	aleja Klonowa 783, 80-706 Gniezno	nicoleboduch@example.org	+48 786 546 785
48	ulica Paderewskiego 51, 33-894 Czerwionka-Leszczyny	marek03@example.net	+48 793 682 651
49	al. Stawowa 502, 96-063 Police	ciapajanina@example.com	+48 727 439 535
50	al. Klonowa 774, 26-200 Zduńska Wola	gmalas@example.net	+48 660 775 579
51	ul. Zaciszna 427, 60-847 Legnica	xrajtar@example.com	+48 737 721 641
52	pl. Storczykowa 09, 97-804 Lubliniec	eryk93@example.org	32 012 00 40
53	ul. Mostowa 78/52, 15-554 Tarnów	leonard83@example.com	+48 32 381 78 09
54	ulica Akacjowa 360, 99-511 Starogard Gdański	urszuladziob@example.org	+48 798 283 990
55	ul. Miarki 40, 49-831 Pruszków	chein@example.net	+48 22 452 57 52
56	pl. Zielona 965, 17-988 Polkowice	sandratrzyna@example.com	514 151 470
57	pl. Piękna 46, 29-008 Wałcz	kryszkiewiczkaja@example.com	22 422 75 02
58	plac Wyszyńskiego 38, 22-242 Szczecinek	lesnaoliwier@example.net	+48 884 262 170
59	plac Kochanowskiego 370, 83-492 Ruda Śląska	ljuszczuk@example.net	+48 507 160 765
60	ul. Wiązowa 60/43, 46-758 Kielce	rafalpitek@example.org	+48 502 161 077
61	ul. Wiązowa 56/80, 14-300 Łódź	rstrug@example.org	+48 609 476 369
62	aleja Paderewskiego 76, 11-588 Kościan	qszwiec@example.com	+48 506 722 222
63	aleja Olchowa 759, 26-145 Sanok	marika41@example.org	531 807 534
64	ulica Bociania 19, 21-852 Wrocław	ygros@example.net	732 206 444
65	ulica Ściegiennego 69/77, 86-452 Sieradz	kornelcetera@example.net	22 384 11 12
66	ulica Słowianska 21, 51-366 Nysa	justyna63@example.org	791 663 134
67	ulica Wyspiańskiego 975, 77-059 Kędzierzyn-Koźle	ernest23@example.com	32 530 81 91
68	aleja Popiełuszki 77/79, 51-465 Elbląg	omatulewicz@example.org	519 952 365
69	aleja Turystyczna 562, 85-803 Przemyśl	ctruchel@example.org	+48 609 368 477
70	ulica Turystyczna 16/03, 33-446 Giżycko	radoslawlakota@example.net	+48 736 405 650
71	ul. Cmentarna 169, 25-057 Grudziądz	edylong@example.org	660 951 131
72	ul. Kowalska 14/69, 18-683 Kętrzyn	natanjurczuk@example.net	780 195 392
73	al. Podwale 68, 91-244 Wałcz	anna-maria54@example.net	695 874 683
74	ulica Sawickiej 496, 49-869 Piotrków Trybunalski	ogogol@example.org	780 715 110
75	al. Podwale 72, 93-070 Giżycko	organisciakadrian@example.net	691 426 921
76	ulica Śląska 19, 51-161 Jawor	oskartomalik@example.com	+48 576 173 458
77	pl. Żeglarska 76/09, 66-635 Katowice	fwestfal@example.net	793 908 336
78	aleja Witosa 47, 88-215 Nowy Dwór Mazowiecki	bicztola@example.net	606 174 935
79	pl. Sadowa 73, 45-877 Biłgoraj	ksawerypoczatek@example.com	+48 663 886 114
80	aleja Szafirowa 91, 80-537 Brzeg	genderamarcin@example.net	572 250 665
81	pl. Wojska Polskiego 970, 37-151 Dąbrowa Górnicza	jargielomilosz@example.com	+48 22 442 87 08
82	ul. Pogodna 113, 08-606 Gdynia	ewa80@example.com	+48 511 524 906
83	al. Ogrodowa 33, 70-861 Piastów	mateuszmaron@example.net	+48 791 139 342
84	plac Matejki 81, 47-601 Pruszcz Gdański	artur33@example.org	888 207 912
85	plac Lazurowa 140, 93-795 Kętrzyn	luszczykada@example.net	+48 696 550 426
86	ul. Powstańców Śląskich 43, 48-686 Przemyśl	gosikmarianna@example.com	+48 732 833 834
87	al. Dąbrowskiego 07, 84-650 Skawina	fraczewa@example.net	+48 505 633 922
88	ul. Poznańska 87/91, 79-008 Szczecinek	sankiewiczjanina@example.org	695 420 879
89	pl. Szczęśliwa 26/57, 95-927 Czerwionka-Leszczyny	gdumala@example.org	576 521 200
90	plac Nowa 39, 87-815 Oława	skaliciak@example.net	602 107 752
91	plac Kościelna 10/29, 78-780 Toruń	roza21@example.com	603 244 849
92	al. Willowa 46, 99-447 Kraków	sstawinoga@example.com	696 994 590
93	al. Maja 415, 73-199 Płońsk	przemyslaw42@example.net	511 826 900
94	ulica Odrzańska 94/52, 56-082 Piastów	andrzej11@example.net	799 967 541
95	ulica Azaliowa 81, 37-618 Będzin	piotrgroborz@example.org	+48 696 938 491
96	al. Lisia 520, 07-982 Skarżysko-Kamienna	ignacymasny@example.net	32 902 98 99
97	aleja Browarna 24, 12-653 Września	fkurylowicz@example.net	+48 729 827 855
98	plac Witosa 117, 18-804 Słupsk	roza99@example.org	+48 720 614 296
99	aleja Morcinka 59, 50-017 Gdynia	ambrozewiczjedrzej@example.com	+48 532 862 173
100	ul. Narutowicza 60, 46-961 Zgorzelec	sylwia55@example.com	728 797 859
\.


--
-- Data for Name: klienci_firmowi; Type: TABLE DATA; Schema: public; Owner: myuser
--

COPY public.klienci_firmowi (nazwa_firmy, nip, id) FROM stdin;
Stowarzyszenie Tarach-Wenda i syn s.c.	734467539	2
Gabinety Kosman S.A.	520124227	4
Stowarzyszenie Pociask-Deszcz Sp.j.	674464241	6
FPUH Mularz	278833431	8
FPUH Cyroń	710226193	10
Działa-Świerkot Sp.k.	174037878	12
Spółdzielnia Hyży	469508367	14
Stowarzyszenie Mroczko-Lesiewicz i syn s.c.	880245709	16
Golon-Rudyk s.c.	681764800	18
FPUH Stanisławek	269492058	20
PPUH Leoniuk Sp. z o.o. Sp.k.	839854974	22
Fundacja Tarach i syn s.c.	705739887	24
Walenciak-Drgas S.A.	183987087	26
Wojtiuk-Szulczyk s.c.	881663594	28
Piekara-Powązka i syn s.c.	664965621	30
PPUH Łaszczyk S.A.	146749628	32
Grupa Roczniak-Ciesielczyk i syn s.c.	628211145	34
Stowarzyszenie Wolańczyk	671336794	36
Różak-Minkiewicz Sp.j.	468387350	38
Stowarzyszenie Styn	624074902	40
Fundacja Poniedziałek	667912179	42
Fundacja Machniak	167207991	44
PPUH Jewuła-Brachman Sp. z o.o. Sp.k.	324445932	46
Stowarzyszenie Kolka	892174799	48
FPUH Kuliberda-Utrata Sp.j.	348159859	50
Nazar Sp.j.	636065757	52
Parafiniuk i syn s.c.	759688618	54
Spółdzielnia Wiatrak Sp.j.	871101034	56
Spółdzielnia Ratka	880472511	58
Giedrojć-Glazer i syn s.c.	374711825	60
Hajdas-Klepka S.A.	159251719	62
Spółdzielnia Kuczak	193747269	64
PPUH Ryznar	792214236	66
Matula Sp.j.	751443839	68
Kozdrój Sp. z o.o. Sp.k.	454914045	70
Gabinety Engel S.A.	806418426	72
Borak Sp.k.	485100939	74
Stowarzyszenie Jędrys	179865300	76
FPUH Rezmer-Jędrusiak Sp. z o.o.	159507366	78
Gabinety Buk-Szylar Sp. z o.o. Sp.k.	977360775	80
Stowarzyszenie Drywa-Gronkiewicz Sp.j.	767351880	82
Fundacja Pielka Sp. z o.o. Sp.k.	720692132	84
Pawliczak-Żach Sp. z o.o. Sp.k.	346101155	86
Grupa Bona	805674930	88
Miśkowiec-Pleban Sp. z o.o. Sp.k.	743160389	90
Sroga Sp. z o.o.	223019224	92
PPUH Sass	335386308	94
Sadownik Sp.k.	957660699	96
Cieniuch Sp.k.	789694499	98
Szumiło s.c.	935909774	100
\.


--
-- Data for Name: klienci_prywatni; Type: TABLE DATA; Schema: public; Owner: myuser
--

COPY public.klienci_prywatni (imie, pesel, nazwisko, id) FROM stdin;
Janina	854798217	Kopa	1
Dawid	871981561	Bubak	3
Krzysztof	681336900	Bielas	5
Mikołaj	843933046	Wojtach	7
Jeremi	633105605	Borak	9
Aleksander	713698594	Siatka	11
Nataniel	299863495	Tolak	13
Sara	697331756	Pyrz	15
Nela	923392089	Chadaj	17
Kamil	668261153	Rosłon	19
Gabriel	244460004	Pastucha	21
Sylwia	736174843	Śliz	23
Alan	222658824	Fura	25
Marika	263721492	Minkiewicz	27
Bianka	885201085	Kazimierczuk	29
Sara	406017368	Granat	31
Józef	569444369	Sajnóg	33
Lidia	393204325	Ligenza	35
Marianna	606014190	Steckiewicz	37
Leon	865903502	Duras	39
Apolonia	613883481	Polnik	41
Hubert	852891257	Muniak	43
Anita	255306853	Tomalak	45
Melania	385758261	Zimniak	47
Anita	329434434	Strójwąs	49
Tobiasz	638098871	Skotarczak	51
Mariusz	851070401	Pietrek	53
Malwina	808695597	Szylar	55
Krystyna	394976505	Śmieja	57
Marcelina	381663274	Patyna	59
Maksymilian	175451596	Monkiewicz	61
Dawid	949532017	Krysik	63
Róża	434309838	Wereda	65
Dominik	237130951	Wenda	67
Tymon	341006634	Sommer	69
Stefan	645968604	Malewicz	71
Julianna	363998586	Trzepizur	73
Anna Maria	852482297	Zacharek	75
Gabriel	574795945	Zawal	77
Eliza	875113053	Tekiela	79
Natasza	571051653	Mirga	81
Tadeusz	280825257	Piórek	83
Radosław	622003358	Drozda	85
Ignacy	734310006	Stark	87
Rozalia	430620650	Łapacz	89
Elżbieta	600279996	Ekert	91
Eliza	765662762	Gasik	93
Józef	249172497	Marcińczyk	95
Sebastian	751132422	Kalka	97
Ksawery	266902719	Nitek	99
\.


--
-- Data for Name: samochod_silnik; Type: TABLE DATA; Schema: public; Owner: myuser
--

COPY public.samochod_silnik (car_id, engine_id) FROM stdin;
5	113
6	114
7	115
8	116
9	117
10	118
11	119
12	120
13	121
14	122
15	123
16	124
17	125
18	126
19	127
20	128
21	129
22	130
23	131
24	132
25	133
26	134
27	135
28	136
29	137
30	138
31	139
32	140
33	141
34	142
35	143
36	144
37	145
38	146
39	147
40	148
41	149
42	150
43	151
44	152
45	153
46	154
47	155
48	156
48	157
49	158
49	159
50	160
50	161
51	162
51	163
52	164
52	165
53	166
53	167
54	168
54	169
55	170
55	171
56	172
56	173
57	174
57	175
58	176
58	177
59	178
59	179
60	180
60	181
61	182
61	183
62	184
62	185
63	186
63	187
64	188
64	189
65	190
65	191
66	192
66	193
67	194
67	195
68	196
68	197
69	198
69	199
70	200
70	201
71	202
71	203
72	204
72	205
73	206
73	207
74	208
74	209
75	210
75	211
76	212
76	213
77	214
77	215
78	216
78	217
79	218
79	219
80	220
80	221
81	222
81	223
\.


--
-- Data for Name: samochody; Type: TABLE DATA; Schema: public; Owner: myuser
--

COPY public.samochody (id, przyspieszenie, rodzaj_nadwozia, kolor, stan, opis, rodzaj_napedu, zuzycie_paliwa, zdjecie, przebieg_km, model, nazwa, cena, rok_produkcji, predkosc_maksymalna, skrzynia_biegow, numer_vin) FROM stdin;
5	3.8	limuzyna	Ognista czerwień metalizowany	używany	Ten pojazd elektryczny został zaprojektowany z myślą o środowisku – bez spalin, hałasu i wibracji. Wnętrze oferuje nowoczesne wykończenie i cyfrowe funkcje, które uprzyjemniają każdą podróż.	NA_WSZYSTKIE_KOŁA	16	74c98aba-395e-44f1-b027-e48524376e38_01d8f77e7318464a8068af78f89db3ca.png	6268	i5 M60	BMW i5 M60 xDrive Limuzyna	492000.00	2020	0	AUTO_1	SNYK59JW6GZGEBHHX
6	6	limuzyna	Biel alpejska niemetalizowany	nowy	Ten pojazd elektryczny został zaprojektowany z myślą o środowisku – bez spalin, hałasu i wibracji. Wnętrze oferuje nowoczesne wykończenie i cyfrowe funkcje, które uprzyjemniają każdą podróż.	NAPĘD_TYLNY	13.92	3a77f9eb-e95d-4f1b-a2eb-c44ee63df1a6_4540fa36c414459584f36d65e314b9f8.png	0	i5	BMW i5 eDrive40 Limuzyna	335000.00	2024	0	AUTO_1	NYYBYMZU0G29MUFUT
7	3.9	combi	Mroźny głęboki szary BMW Individual metalizowany	używany	Wyposażony w zaawansowany układ napędowy, ten model oferuje zasięg odpowiedni zarówno do jazdy miejskiej, jak i tras międzymiastowych. Elektryczne BMW gwarantuje też niskie koszty eksploatacji i dostęp do najnowszych technologii.	NA_WSZYSTKIE_KOŁA	14.19	1159efb5-107a-475a-af7a-c13d41cff499_1ad5f06973ee46d981c6aba62e116262.png	15765	i5 M60	BMW i5 M60 xDrive Touring	502500.00	2024	0	AUTO_1	MKXNNJ94621RV0VBD
8	3.8	suv	Mroźny głęboki szary BMW Individual metalizowany	nowy	Wyposażony w zaawansowany układ napędowy, ten model oferuje zasięg odpowiedni zarówno do jazdy miejskiej, jak i tras międzymiastowych. Elektryczne BMW gwarantuje też niskie koszty eksploatacji i dostęp do najnowszych technologii.	NA_WSZYSTKIE_KOŁA	16.01	a4c7979e-b48f-4394-ae8a-93e03f540d38_cfd9f2f4f5e84ac39f6509e90008d7cc.png	0	iX M70	BMW iX M70 xDrive	560000.00	2020	0	AUTO_1	WW3BXUUS8C36DZLU5
9	4.7	limuzyna	Oksydowany szary metalizowany	używany	Ten samochód elektryczny łączy nowoczesny design z bezemisyjną jazdą. Dzięki cichej pracy silnika i natychmiastowej dostępności momentu obrotowego zapewnia płynne przyspieszenie oraz wysoki komfort codziennego użytkowania.	NA_WSZYSTKIE_KOŁA	15.93	2b16de54-c344-49ff-8e03-eff78416c7b2_ae655fe4627e4330b84549c30144d7d2.png	23181	i7	BMW i7 eDrive50 Limuzyna	540000.00	2023	0	AUTO_1	AJ5FWT3F44U7DG8BW
10	6.1	combi	Czarny szafirowy metalizowany	używany	Dzięki nowoczesnym bateriom i wydajnemu systemowi odzyskiwania energii, auto sprawdza się doskonale w codziennym użytkowaniu, zapewniając jednocześnie dynamiczną jazdę bez kompromisów.	NAPĘD_TYLNY	13.34	0f707f98-2639-4202-a7dc-215c673cb653_f450d6d030144fd3bc01a15b3d56ce4c.png	30868	i5	BMW i5 eDrive40 Touring	345500.00	2022	0	AUTO_1	6RKFD4JW9B9HLT9K9
11	3.7	limuzyna	Płynna miedź BMW Individual metalizowany	używany	Nowoczesna platforma elektryczna pozwala na optymalne rozmieszczenie masy i wyjątkową stabilność prowadzenia. Ładowanie może odbywać się zarówno z domowego gniazdka, jak i szybkich stacji DC, co czyni ten samochód wyjątkowo wszechstronnym.	NA_WSZYSTKIE_KOŁA	14.05	52e9b330-1503-4fdf-b3ad-ff197bec5c5e_cc0b27c52b6a4e01ae8250262c0a2193.png	29718	i7 M70	BMW i7 M70 xDrive Limuzyna	820000.00	2022	0	AUTO_1	S462BDFA9UU5FA844
12	3.9	coupe	Mroźny czysty szary metalizowany BMW Individual	używany	Dzięki nowoczesnym bateriom i wydajnemu systemowi odzyskiwania energii, auto sprawdza się doskonale w codziennym użytkowaniu, zapewniając jednocześnie dynamiczną jazdę bez kompromisów.	NA_WSZYSTKIE_KOŁA	16	e221d0d9-636f-4561-af8e-f7e09709899b_3d2dcf1d7d8848e6a70be688fc66ce5e.png	1856	i4 M50	BMW i4 M50 xDrive Gran Coupe	350000.00	2022	0	AUTO_1	J6Z54ET97BE1LBF3E
13	3.7	limuzyna	Płynna miedź BMW Individual metalizowany	używany	Dzięki nowoczesnym bateriom i wydajnemu systemowi odzyskiwania energii, auto sprawdza się doskonale w codziennym użytkowaniu, zapewniając jednocześnie dynamiczną jazdę bez kompromisów.	NA_WSZYSTKIE_KOŁA	16.46	272afe33-9971-4abd-aa54-f6226bf4d485_11162b272f99468080462cf83223ffaa.png	29934	M760e	BMW M760e xDrive Limuzyna	745500.00	2023	0	AUTO_1	4WAYCUAA0FJB4FZHC
14	6.1	combi	Mroźny czysty szary BMW Individual metalizowany	używany	Wyposażony w zaawansowany układ napędowy, ten model oferuje zasięg odpowiedni zarówno do jazdy miejskiej, jak i tras międzymiastowych. Elektryczne BMW gwarantuje też niskie koszty eksploatacji i dostęp do najnowszych technologii.	NAPĘD_TYLNY	16.97	3dcf078e-e7cc-455b-ae1d-b7d3db7fc865_5e9d4fb4c1474391960233cd210070af.png	12103	520i Touring	BMW 520i Touring	273000.00	2022	0	AUTO_1	11VD7CZ24G4VBBBY5
15	6.1	combi	Mroźny czysty szary BMW Individual metalizowany	używany	Ten pojazd elektryczny został zaprojektowany z myślą o środowisku – bez spalin, hałasu i wibracji. Wnętrze oferuje nowoczesne wykończenie i cyfrowe funkcje, które uprzyjemniają każdą podróż.	NAPĘD_TYLNY	13.96	da46901a-1a64-4865-ab68-e15d5182b66e_fa5cc0167a4049f4b4e793ab6ab18f5b.png	4975	520d Touring	BMW 520d Touring	288000.00	2023	0	AUTO_1	SWZ1DZE559DKXMYYA
16	6	limuzyna	Szafirowoczarny metalizowany	nowy	Dzięki nowoczesnym bateriom i wydajnemu systemowi odzyskiwania energii, auto sprawdza się doskonale w codziennym użytkowaniu, zapewniając jednocześnie dynamiczną jazdę bez kompromisów.	NAPĘD_TYLNY	14.07	576bfead-fdd5-4e1b-89cf-b4fa75b9ad2d_9db0ae9e23494c4bbcc3f78aa3efa19b.png	0	520d Limuzyna	BMW 520d Limuzyna	277500.00	2020	0	AUTO_1	BADCYY7W1PV487MUZ
17	3.5	combi	Szary Drawit metalizowany BMW Individual	używany	Dzięki dopracowanej technologii i niskiej emisji, nowoczesne silniki BMW spełniają rygorystyczne normy środowiskowe, jednocześnie oferując wysoką kulturę pracy i oszczędność paliwa.	NA_WSZYSTKIE_KOŁA	9.65	62df55e3-6685-4c5d-9e81-03c7fed04864_1668f7c59f244230873fb3a3f44c8911.png	21922	330e Touring	BMW 330e Touring	261500.00	2025	300	AUTO_8	X5W58SZY367T2YX1Z
18	5.4	suv	Mroźny niebieski Portimao	nowy	Silnik spalinowy oferuje naturalną responsywność i pełne osiągi bez konieczności ładowania. Pojazd świetnie sprawdza się w warunkach autostradowych oraz podczas intensywnej jazdy poza miastem.	NA_WSZYSTKIE_KOŁA	9.35	222a041f-fbcc-4471-bf42-cb95db796caa_a0cbbccfcfc7453e86d0867d24f6e904.png	0	X2 M35i	BMW X2 M35i xDrive	283000.00	2020	250	AUTO_7	LVWF0L664EX7PETYR
19	5.4	suv	Frozen Pure Grey metalizowany BMW Individual	używany	Samochód z klasycznym napędem spalinowym zapewnia długie zasięgi, szybkie tankowanie i szeroki zakres dostępnych mocy. To sprawdzony wybór dla osób podróżujących często i na dalekich dystansach.	NA_WSZYSTKIE_KOŁA	8.22	072b95df-0ec5-4f59-9e4f-59456086603e_ab2830f6d3c74af2a06aa689bea81624.png	28	X1 M35i	BMW X1 M35i xDrive	274000.00	2023	250	AUTO_7	P0F93KGU5T432D7ZG
20	5.4	coupe	Zielony San Remo, metalizowany	używany	Dzięki dopracowanej technologii i niskiej emisji, nowoczesne silniki BMW spełniają rygorystyczne normy środowiskowe, jednocześnie oferując wysoką kulturę pracy i oszczędność paliwa.	NAPĘD_TYLNY	6.89	c48e3e6e-b446-4122-9fd3-2c84a2fb9dfc_1f14d1e434a34344a7dbb944bcefe0a8.png	36669	M850i	BMW M850i xDrive Gran Coupe	618500.00	2022	250	AUTO_8	ULPKAX6K0Z76WAL6L
21	3.9	coupe	Biel alpejska niemetalizowany	nowy	Dzięki dopracowanej technologii i niskiej emisji, nowoczesne silniki BMW spełniają rygorystyczne normy środowiskowe, jednocześnie oferując wysoką kulturę pracy i oszczędność paliwa.	NA_WSZYSTKIE_KOŁA	9.89	d2ab23cf-099d-442d-833c-83859bfc7942_2f446d1cec5441bf9a2d5d2ac100c968.png	0	M8 Gran Coupe	BMW M8 Gran Coupe	780000.00	2021	250	AUTO_8	FN8S060M84YUEDZTS
22	5.5	cabriolet	Biel mineralna metalizowany	nowy	Samochód z klasycznym napędem spalinowym zapewnia długie zasięgi, szybkie tankowanie i szeroki zakres dostępnych mocy. To sprawdzony wybór dla osób podróżujących często i na dalekich dystansach.	NAPĘD_TYLNY	9.3	436f0a8b-3146-41e7-8f2f-c2f7ef0ec12b_504d020aa6a942d2b3927c557fc523f3.png	0	840i Cabrio	BMW 840i Cabrio	532000.00	2024	250	AUTO_8	EMKUJ0U54R4A2R7L1
23	4.1	cabriolet	Biel alpejska niemetalizowany	używany	Samochód z klasycznym napędem spalinowym zapewnia długie zasięgi, szybkie tankowanie i szeroki zakres dostępnych mocy. To sprawdzony wybór dla osób podróżujących często i na dalekich dystansach.	NA_WSZYSTKIE_KOŁA	6.63	5dd8b3dc-7789-4c39-b2f9-bd896abbdb7f_673055021e7a4b479270bf7b341f9f45.png	36003	M850i	BMW M850i xDrive Cabrio	672000.00	2020	250	AUTO_8	2S7RHGAP5VVK8UJL6
24	4.1	cabriolet	Biel alpejska niemetalizowany	używany	Dzięki dopracowanej technologii i niskiej emisji, nowoczesne silniki BMW spełniają rygorystyczne normy środowiskowe, jednocześnie oferując wysoką kulturę pracy i oszczędność paliwa.	NA_WSZYSTKIE_KOŁA	9.68	be8ce36f-cdb2-4a79-895b-91ac83cae38b_aed9d5e576c248818ade1f645f28416d.png	7780	M8 Cabrio	BMW M8 Cabrio	834000.00	2020	250	AUTO_8	2P9WSTBS0604YD7R6
25	3.9	coupe	Biel alpejska niemetalizowany	używany	Samochód z klasycznym napędem spalinowym zapewnia długie zasięgi, szybkie tankowanie i szeroki zakres dostępnych mocy. To sprawdzony wybór dla osób podróżujących często i na dalekich dystansach.	NA_WSZYSTKIE_KOŁA	5.7	cb1463c8-8b28-4383-a970-2d3de2c85cf6_ad68bcbe47ce4bd69b0e278ae32153b0.png	23786	M850i	BMW M850i xDrive Coupe	633500.00	2020	250	AUTO_8	WKR4NH1K0HLTH8T5T
26	5.4	coupe	Zielony San Remo, metalizowany	używany	Silniki benzynowe BMW oferują dynamiczną jazdę, precyzyjną reakcję na gaz i szeroki wybór mocy. W połączeniu z zaawansowaną skrzynią biegów tworzą układ napędowy o sportowym charakterze.	NAPĘD_TYLNY	5.62	0eac007f-94ec-43dd-b35c-a0b6b05365f8_123439987f6045ce96ad2e0079ea01c9.png	20708	840i Gran Coupe	BMW 840i Gran Coupe	478000.00	2022	250	AUTO_8	2EDGCGZ81SG0GBV6G
27	8.2	cabriolet	Biel alpejska niemetalizowany	używany	Samochód z klasycznym napędem spalinowym zapewnia długie zasięgi, szybkie tankowanie i szeroki zakres dostępnych mocy. To sprawdzony wybór dla osób podróżujących często i na dalekich dystansach.	NAPĘD_TYLNY	6.37	db7c9efb-3306-42fb-b218-8cb091de07fb_0fbb40599fdb42559fba99c001108f5a.png	10587	420i Cabrio	BMW 420i Cabrio	230500.00	2021	236	AUTO_8	ML0VC2HX8RMDR9PHZ
28	3.4	coupe	Niebieski Riviera BMW Individual	nowy	Dzięki dopracowanej technologii i niskiej emisji, nowoczesne silniki BMW spełniają rygorystyczne normy środowiskowe, jednocześnie oferując wysoką kulturę pracy i oszczędność paliwa.	NA_WSZYSTKIE_KOŁA	7.01	41149f08-c20a-4f7b-ae79-faf07c3fe92e_979912473d0048229194e1d0d9cd1cd2.png	0	M4 Coupe	BMW M4 Coupe	462500.00	2021	302	AUTO_8	36MN2WM10WP8J2HK3
29	7.9	coupe	Szary Skyscraper metalizowany	używany	Silniki benzynowe BMW oferują dynamiczną jazdę, precyzyjną reakcję na gaz i szeroki wybór mocy. W połączeniu z zaawansowaną skrzynią biegów tworzą układ napędowy o sportowym charakterze.	NAPĘD_TYLNY	7.24	a0609fb9-d241-4b9f-8ed7-5649978e1516_af3a35a5754544948ded5d2c25f03be3.png	21769	430i	BMW 430i xDrive Gran Coupe	230500.00	2025	235	AUTO_8	6HA29DZV6SETJ7ASX
30	5.9	limuzyna	Niebieski Arctic Race metalizowany	nowy	Dzięki dopracowanej technologii i niskiej emisji, nowoczesne silniki BMW spełniają rygorystyczne normy środowiskowe, jednocześnie oferując wysoką kulturę pracy i oszczędność paliwa.	NAPĘD_TYLNY	9.95	efa384e6-1fb7-4236-80d0-7deb20915825_34bf902c37374e1c937aed7bcd008ee1.png	0	318i Limuzyna	BMW 318i Limuzyna	192500.00	2021	250	AUTO_8	51S2V33M6R8G5LENT
31	3.5	limuzyna	Mroźny zielony Tampa Bay BMW Individual	używany	Silnik spalinowy oferuje naturalną responsywność i pełne osiągi bez konieczności ładowania. Pojazd świetnie sprawdza się w warunkach autostradowych oraz podczas intensywnej jazdy poza miastem.	NA_WSZYSTKIE_KOŁA	7.82	987e21a2-2e73-4760-a134-8ca7415f789d_657cf3e66b59456fa7e139ab5e642cd1.png	408	M3 Limuzyna	BMW M3 Limuzyna	452500.00	2021	250	AUTO_8	SE3WPK9R8HMNM5K14
32	6	combi	Szary Skyscraper metalizowany	używany	Dzięki dopracowanej technologii i niskiej emisji, nowoczesne silniki BMW spełniają rygorystyczne normy środowiskowe, jednocześnie oferując wysoką kulturę pracy i oszczędność paliwa.	NA_WSZYSTKIE_KOŁA	8.56	d57b3aec-d977-4f4e-92b2-b43219da2f7a_5e97a69479974b0a8bb396b487ec6c95.png	27764	330i	BMW 330i xDrive Touring	199000.00	2023	250	AUTO_8	C1E2N2U093VBHRM5Z
33	3.5	limuzyna	Mroźny zielony Tampa Bay BMW Individual	używany	Dzięki dopracowanej technologii i niskiej emisji, nowoczesne silniki BMW spełniają rygorystyczne normy środowiskowe, jednocześnie oferując wysoką kulturę pracy i oszczędność paliwa.	NA_WSZYSTKIE_KOŁA	6.91	38a1d0c8-b33c-4f71-98a6-84670b9294b5_2096a24422cb479e9b7e5ad31777e0e3.png	10801	M340i	BMW M340i xDrive Limuzyna	327500.00	2020	250	AUTO_8	VFR3RXZ966L2UPGDH
34	3.6	combi	Zielony niemetalizowany BMW Individual British Racing	używany	Wersje wysokoprężne to idealny wybór dla kierowców pokonujących długie trasy – zapewniają wysoki moment obrotowy i niskie spalanie, szczególnie przy jeździe w trasie.	NA_WSZYSTKIE_KOŁA	7.64	0b6db6ca-0286-4906-b187-5e3e3f69cf49_f792782c9a3a46cd83629b2d747f5653.png	29267	M3 CS Touring	BMW M3 CS Touring	740000.00	2024	250	AUTO_8	4CHYA2ZJ3M9H33359
35	3.6	combi	Zielony niemetalizowany BMW Individual British Racing	nowy	Samochód z klasycznym napędem spalinowym zapewnia długie zasięgi, szybkie tankowanie i szeroki zakres dostępnych mocy. To sprawdzony wybór dla osób podróżujących często i na dalekich dystansach.	NA_WSZYSTKIE_KOŁA	6.09	f059142b-2857-4a07-8c09-d2030e7d5d56_b887019d4ac845de82c9ecac4166c2e2.png	0	M340i	BMW M340i xDrive Touring	334000.00	2025	250	AUTO_8	BVT3FHTK9VGRA00CJ
36	3.6	combi	Zielony niemetalizowany BMW Individual British Racing	nowy	Dzięki dopracowanej technologii i niskiej emisji, nowoczesne silniki BMW spełniają rygorystyczne normy środowiskowe, jednocześnie oferując wysoką kulturę pracy i oszczędność paliwa.	NA_WSZYSTKIE_KOŁA	5.64	cee37d6f-63df-4a0a-a144-739b533898ea_147e0ab3861b4075a5957136d145c034.png	0	M3 Competition M	BMW M3 Competition M xDrive Touring	512500.00	2023	250	AUTO_8	39ZPH78U1WSNYC280
37	4.9	coupe	Szary M Brooklyn metalizowany	nowy	Silnik spalinowy oferuje naturalną responsywność i pełne osiągi bez konieczności ładowania. Pojazd świetnie sprawdza się w warunkach autostradowych oraz podczas intensywnej jazdy poza miastem.	NA_WSZYSTKIE_KOŁA	6.36	db839e00-05cb-4e4b-9ab9-61b026014d01_af5e3d92d6114ce2a2ac8febc452be59.png	0	M235	BMW M235 xDrive Gran Coupe	250000.00	2022	250	AUTO_7	RGN4NPCT1YTPEJXD3
38	4.9	compact	Biel alpejska niemetalizowany	nowy	Dzięki dopracowanej technologii i niskiej emisji, nowoczesne silniki BMW spełniają rygorystyczne normy środowiskowe, jednocześnie oferując wysoką kulturę pracy i oszczędność paliwa.	NA_WSZYSTKIE_KOŁA	7.16	f9fd1fca-3d83-4e96-a182-12865d4822c5_11e129e27c69451db47b9bf8883934ba.png	0	M135	BMW M135 xDrive	235000.00	2025	250	AUTO_7	UUFLXFB95WRG4EY6M
39	4.2	coupe	Szary M Brooklyn metalizowany	nowy	Samochód z klasycznym napędem spalinowym zapewnia długie zasięgi, szybkie tankowanie i szeroki zakres dostępnych mocy. To sprawdzony wybór dla osób podróżujących często i na dalekich dystansach.	NAPĘD_TYLNY	5.76	b735cbb2-6039-451e-9b4b-91ee6f7da60e_a829dc3553074ac28a5d7b41b45d7ad1.png	0	M2 Coupe	BMW M2 Coupe	367500.00	2023	250	MANUAL_6	HC6V4VN83RAYD3VTR
40	6.8	cabriolet	Thundernight metalizowany	używany	Silnik spalinowy oferuje naturalną responsywność i pełne osiągi bez konieczności ładowania. Pojazd świetnie sprawdza się w warunkach autostradowych oraz podczas intensywnej jazdy poza miastem.	NAPĘD_TYLNY	8.61	68ab135e-f140-486d-a01d-6c8f1ef4e108_5e826c7d0f0d47d4a3737ff4b5630c56.png	16569	Z4	BMW Z4 sDrive20i	247500.00	2023	241	MANUAL_6	WW3YNRJD8GBZ064YV
41	5.5	cabriolet	Biel mineralna metalizowany	nowy	Silniki benzynowe BMW oferują dynamiczną jazdę, precyzyjną reakcję na gaz i szeroki wybór mocy. W połączeniu z zaawansowaną skrzynią biegów tworzą układ napędowy o sportowym charakterze.	NAPĘD_TYLNY	8.2	e9721058-eb89-432d-9e08-c217e627b601_1370292aefc140899010fa22d7421ab8.png	0	840d	BMW 840d xDrive Cabrio	557500.00	2023	250	AUTO_8	3MV73LJ69STFHPL9V
42	7.9	coupe	Szary Skyscraper metalizowany	używany	Wersje wysokoprężne to idealny wybór dla kierowców pokonujących długie trasy – zapewniają wysoki moment obrotowy i niskie spalanie, szczególnie przy jeździe w trasie.	NAPĘD_TYLNY	9.55	2d563af9-e33f-45f4-833b-184292db6690_6847fb6030864f2c8ba5cea3586807f8.png	12255	420d Gran Coupe	BMW 420d Gran Coupe	245500.00	2020	235	AUTO_8	PD2J8324XSGYDYRL7
43	8.2	cabriolet	Biel alpejska niemetalizowany	nowy	Wersje wysokoprężne to idealny wybór dla kierowców pokonujących długie trasy – zapewniają wysoki moment obrotowy i niskie spalanie, szczególnie przy jeździe w trasie.	NAPĘD_TYLNY	9.58	4bb94c9e-f131-479a-9b41-b330ebf93b3b_8126edf3388e426d928e3d5d5aa2abdf.png	0	420d Cabrio	BMW 420d Cabrio	280500.00	2024	236	AUTO_8	EM85PYGGXB48NF5XN
44	6	combi	Szary Skyscraper metalizowany	używany	Silnik spalinowy oferuje naturalną responsywność i pełne osiągi bez konieczności ładowania. Pojazd świetnie sprawdza się w warunkach autostradowych oraz podczas intensywnej jazdy poza miastem.	NA_WSZYSTKIE_KOŁA	9.26	30a3b5e6-a3ae-447f-8a2b-21fa260c2b88_46b6aff4380d4048ada9fce7c2793707.png	3939	318d Touring	BMW 318d Touring	214000.00	2024	250	AUTO_8	1KDUDNDL213FSY90W
45	3.6	combi	Zielony niemetalizowany BMW Individual British Racing	używany	Samochód z klasycznym napędem spalinowym zapewnia długie zasięgi, szybkie tankowanie i szeroki zakres dostępnych mocy. To sprawdzony wybór dla osób podróżujących często i na dalekich dystansach.	NA_WSZYSTKIE_KOŁA	7.03	b1f0d6e2-f234-43f9-983f-dcbbf471c79a_5531e0e90151442381dca421cbb2597d.png	11973	M340d	BMW M340d xDrive Touring	334000.00	2023	250	AUTO_8	VJMJ2NJE12R89DSD3
46	5.9	limuzyna	Niebieski Arctic Race metalizowany	nowy	Dzięki dopracowanej technologii i niskiej emisji, nowoczesne silniki BMW spełniają rygorystyczne normy środowiskowe, jednocześnie oferując wysoką kulturę pracy i oszczędność paliwa.	NAPĘD_TYLNY	7.56	e823ebe0-1c99-4548-bb7c-bb6e8207ae54_d2a3594719164e6385cac74b7db9cfb9.png	0	318d Limuzyna	BMW 318d Limuzyna	207500.00	2024	250	AUTO_8	RK5KZ1DWXAGYANZP4
47	3.5	limuzyna	Mroźny zielony Tampa Bay BMW Individual	nowy	Silnik spalinowy oferuje naturalną responsywność i pełne osiągi bez konieczności ładowania. Pojazd świetnie sprawdza się w warunkach autostradowych oraz podczas intensywnej jazdy poza miastem.	NA_WSZYSTKIE_KOŁA	9.91	065d99f2-f1b8-479f-9097-d88f350b564c_47aad1adaddd468190d54024c7a60ecf.png	0	M340d	BMW M340d xDrive Limuzyna	327500.00	2024	250	AUTO_8	CP3D3XK533A8XKDB7
48	6.2	suv	Czarny szafirowy metalizowany	używany	Dzięki możliwości jazdy w trybie czysto elektrycznym na krótkich dystansach, ten model pozwala ograniczyć zużycie paliwa i emisję CO₂. Przełączenie na tryb hybrydowy odbywa się płynnie i automatycznie.	NA_WSZYSTKIE_KOŁA	5.21	c7ddc21f-3bed-49d5-977d-0c6be025de3f_1c929b19fec34d60824b3b9765933f88.png	14980	X3 30e	BMW X3 30e xDrive	285000.00	2022	215	AUTO_8	10W6Y3V68Y6W3D455
49	6.4	combi	Biel alpejska niemetalizowany	nowy	BMW z napędem hybrydowym oferuje elastyczność użytkowania – ładowanie z gniazdka lub stacji publicznej oraz możliwość korzystania z silnika spalinowego na dłuższych trasach bez stresu o zasięg.	NAPĘD_TYLNY	5.1	f3c32d89-ad64-48ac-84fc-859b3a2813be_d45111faeb644158852c117b00b9b0ea.png	0	530e Touring	BMW 530e Touring	318000.00	2023	220	AUTO_8	YNX8R78G8LAF1WFW1
50	5.8	limuzyna	Mroźny głęboki szary BMW Individual metalizowany	używany	Ten samochód hybrydowy to propozycja dla kierowców, którzy chcą zmniejszyć swój ślad węglowy bez rezygnacji z tradycyjnej dynamiki i zasięgu. Zintegrowane systemy wspomagające dbają o optymalną efektywność jazdy.	NA_WSZYSTKIE_KOŁA	3.12	2193f74b-46f4-4a94-a30f-381682125ce7_815275178c354a469c0158900fe04e9d.png	9800	750e	BMW 750e xDrive Limuzyna	655500.00	2024	250	AUTO_8	PFUUW45Y1VYD2A3UT
51	7.1	suv	Pomarańczowy Utah metalizowany	nowy	Samochód hybrydowy łączy moc silnika spalinowego z efektywnością napędu elektrycznego, zapewniając cichą jazdę w mieście i dynamiczne osiągi na trasie. Idealny kompromis między ekologią a zasięgiem.	NA_WSZYSTKIE_KOŁA	5.33	1addb02d-3e61-4166-b5e3-e31d81ee11ed_eae6d61541684b34abe4e7d6c1f78358.png	0	X1	BMW X1 xDrive30e	234500.00	2021	233	AUTO_7	G1URZVSD2HC0VU75B
52	5.9	limuzyna	Niebieski Arctic Race metalizowany	używany	Ten samochód hybrydowy to propozycja dla kierowców, którzy chcą zmniejszyć swój ślad węglowy bez rezygnacji z tradycyjnej dynamiki i zasięgu. Zintegrowane systemy wspomagające dbają o optymalną efektywność jazdy.	NA_WSZYSTKIE_KOŁA	3.59	e3b3de12-e0be-4f8f-be8b-94f8a5ac91f6_6dc8e8918b9f48929d62e4263f9beb78.png	1944	330e Limuzyna	BMW 330e Limuzyna	255000.00	2023	230	AUTO_8	GRKJUUGUX750XLRPS
53	6.7	combi	Połyskujący miedziany szary, metalizowany	używany	Zaawansowany system zarządzania energią pozwala inteligentnie wykorzystać oba źródła napędu. W połączeniu z typową dla BMW precyzją prowadzenia, auto oferuje komfort i oszczędność.	NA_WSZYSTKIE_KOŁA	4.11	5d9eddcc-65a4-42d9-945f-0f973572bd34_0d32b5d4f3db457bafa11853db51bddb.png	36206	225e	BMW 225e xDrive Active Tourer	215500.00	2024	195	AUTO_7	83YKGPPH8UGZYVE6T
54	5.8	suv	Połyskujący miedziany szary metalizowany	nowy	Zaawansowany system zarządzania energią pozwala inteligentnie wykorzystać oba źródła napędu. W połączeniu z typową dla BMW precyzją prowadzenia, auto oferuje komfort i oszczędność.	NA_WSZYSTKIE_KOŁA	3.84	17343e22-5147-49e6-89d9-56256d8eed7b_1cdddea390574c8891efbe2f3412b8ef.png	0	X7	BMW X7 xDrive40i	517500.00	2024	250	AUTO_8	6N6L5M7H6MRR7CL6Y
55	5.4	suv	Szary drawit BMW Individual metalizowany	używany	BMW z napędem hybrydowym oferuje elastyczność użytkowania – ładowanie z gniazdka lub stacji publicznej oraz możliwość korzystania z silnika spalinowego na dłuższych trasach bez stresu o zasięg.	NA_WSZYSTKIE_KOŁA	3.7	24f6f1dc-d3a9-47ae-b58c-533442ded3ec_9eb02c467ff847a291fbd171af8f13a0.png	9007	X6	BMW X6 xDrive40i	452500.00	2022	250	AUTO_8	K7HBKHEC1S9JBHASN
56	5.4	suv	M Carbon Black metallic	używany	Ten samochód hybrydowy to propozycja dla kierowców, którzy chcą zmniejszyć swój ślad węglowy bez rezygnacji z tradycyjnej dynamiki i zasięgu. Zintegrowane systemy wspomagające dbają o optymalną efektywność jazdy.	NA_WSZYSTKIE_KOŁA	5.31	38d28e00-78cd-4520-b6ae-d0f999a57b9d_412a02e9b36f43d39589e6550460f832.png	1027	X5	BMW X5 xDrive40i	422500.00	2025	250	AUTO_8	JYSKSTWC21ADC255J
57	4.3	suv	Mroźny czysty szary BMW Individual metalizowany	używany	Ten samochód hybrydowy to propozycja dla kierowców, którzy chcą zmniejszyć swój ślad węglowy bez rezygnacji z tradycyjnej dynamiki i zasięgu. Zintegrowane systemy wspomagające dbają o optymalną efektywność jazdy.	NA_WSZYSTKIE_KOŁA	3.25	5e32a65a-0a52-44bd-8777-c2ff5acdfd85_ad5e5ab2977f4215a6b7c148b5d5af16.png	20080	X6 M Competition	BMW X6 M Competition	757500.00	2020	250	AUTO_8	4V90KUC51FS8RCUWK
58	3.9	suv	Zielony M Isle of Man metalizowany	używany	Dzięki możliwości jazdy w trybie czysto elektrycznym na krótkich dystansach, ten model pozwala ograniczyć zużycie paliwa i emisję CO₂. Przełączenie na tryb hybrydowy odbywa się płynnie i automatycznie.	NA_WSZYSTKIE_KOŁA	3.76	6ec14a5b-3ceb-4be9-af63-d3df712d74e9_b76ebfa8888641ce8691f7fff0b50609.png	31723	X5 M Competition	BMW X5 M Competition	727500.00	2023	250	AUTO_8	CPHWGAM876RLFPB5A
59	4.3	suv	Mroźny czysty szary BMW Individual metalizowany	używany	Dzięki możliwości jazdy w trybie czysto elektrycznym na krótkich dystansach, ten model pozwala ograniczyć zużycie paliwa i emisję CO₂. Przełączenie na tryb hybrydowy odbywa się płynnie i automatycznie.	NA_WSZYSTKIE_KOŁA	5.97	7868b071-7e11-4497-9471-d2e118fb65c1_091be6749d2c41508a2aab581d54c932.png	3002	X6 M60i	BMW X6 M60i xDrive	588200.00	2022	250	AUTO_8	FM4BVKMY8FC83FNXW
60	7.8	suv	Szary Sophisto Z Brylantowym Połyskiem Metalizowany	nowy	Samochód hybrydowy łączy moc silnika spalinowego z efektywnością napędu elektrycznego, zapewniając cichą jazdę w mieście i dynamiczne osiągi na trasie. Idealny kompromis między ekologią a zasięgiem.	NA_WSZYSTKIE_KOŁA	4.44	0dca7438-6c18-4307-9811-ddad9b34d435_76d4bc79530949019ea298782d5144e8.png	0	X3 20	BMW X3 20 xDrive	256500.00	2023	215	AUTO_8	7TMFZUJ39KV6J7030
61	8.4	suv	Niebieski Phytonic metalizowany	używany	Ten samochód hybrydowy to propozycja dla kierowców, którzy chcą zmniejszyć swój ślad węglowy bez rezygnacji z tradycyjnej dynamiki i zasięgu. Zintegrowane systemy wspomagające dbają o optymalną efektywność jazdy.	NA_WSZYSTKIE_KOŁA	4.08	6ebdac5e-8730-46d8-a90b-2a46d9ea5272_6afcbf9101d9438296cad78b769890f2.png	389	X4	BMW X4 xDrive20i	260000.00	2022	215	AUTO_8	S4V1VTWS9ZJ69J951
62	4.6	suv	Szary Dune Metalizowany	nowy	Zaawansowany system zarządzania energią pozwala inteligentnie wykorzystać oba źródła napędu. W połączeniu z typową dla BMW precyzją prowadzenia, auto oferuje komfort i oszczędność.	NA_WSZYSTKIE_KOŁA	4.59	3f0d4344-efd8-4b3c-8d7a-87f1c46ef322_31b1065462e64b5d9d4402a24497b21b.png	0	X3 M50	BMW X3 M50 xDrive	372500.00	2021	250	AUTO_8	0ETU8AA99KDWJJPV2
63	4.9	suv	Żółty São Paulo M niemetalizowany	nowy	Dzięki możliwości jazdy w trybie czysto elektrycznym na krótkich dystansach, ten model pozwala ograniczyć zużycie paliwa i emisję CO₂. Przełączenie na tryb hybrydowy odbywa się płynnie i automatycznie.	NA_WSZYSTKIE_KOŁA	4.38	8724d6b2-716f-4880-9035-d12c41e31025_32cca3802d2b4add8305a969db7cea01.png	0	X4 M40i	BMW X4 M40i	363000.00	2022	250	AUTO_8	LVL315US7Y3MUVDK7
64	7.1	suv	Pomarańczowy Utah metalizowany	nowy	Dzięki możliwości jazdy w trybie czysto elektrycznym na krótkich dystansach, ten model pozwala ograniczyć zużycie paliwa i emisję CO₂. Przełączenie na tryb hybrydowy odbywa się płynnie i automatycznie.	NA_WSZYSTKIE_KOŁA	3.57	a03eda08-fae1-4097-90d6-6b39ad795d2c_0d74808a8efd4e2b9963565533537482.png	0	X1	BMW X1 xDrive23i	185000.00	2023	233	AUTO_7	3271KHPS5H39SD28H
65	4.7	coupe	Niebieski tanzanit metalizowany BMW Individual	używany	BMW z napędem hybrydowym oferuje elastyczność użytkowania – ładowanie z gniazdka lub stacji publicznej oraz możliwość korzystania z silnika spalinowego na dłuższych trasach bez stresu o zasięg.	NA_WSZYSTKIE_KOŁA	3.94	bdd1935b-1e2c-4ac6-bfb7-a2642c8d7cba_fc9d5d98f33c415484b5c1a831ece245.png	24210	M440i	BMW M440i xDrive Gran Coupe	350500.00	2025	250	AUTO_8	0VLCEPS74Z9MXM35J
66	4.9	cabriolet	Velvet Orchid metalizowany BMW Individual	nowy	Zaawansowany system zarządzania energią pozwala inteligentnie wykorzystać oba źródła napędu. W połączeniu z typową dla BMW precyzją prowadzenia, auto oferuje komfort i oszczędność.	NA_WSZYSTKIE_KOŁA	5.3	ec3b69a3-c4e6-4eeb-8751-0927fe345cf5_4df9a29d64f1465eb70ffbae822dd2c1.png	0	M4 Competition M	BMW M4 Competition M xDrive Cabrio	542500.00	2025	250	AUTO_8	3C7VR7TV6ZCDA3ZRS
67	4.7	cabriolet	Niebieski tanzanit metalizowany BMW Individual	nowy	Dzięki możliwości jazdy w trybie czysto elektrycznym na krótkich dystansach, ten model pozwala ograniczyć zużycie paliwa i emisję CO₂. Przełączenie na tryb hybrydowy odbywa się płynnie i automatycznie.	NA_WSZYSTKIE_KOŁA	4.57	999e312f-a17d-48c2-96f7-202be4963a32_23cb1c5f370d4dcabb97f7a82b1b6e1e.png	0	M440i	BMW M440i xDrive Cabrio	390500.00	2023	250	AUTO_8	0ACDTLF50T8BRTM40
68	4.7	coupe	Niebieski tanzanit metalizowany BMW Individual	nowy	Dzięki możliwości jazdy w trybie czysto elektrycznym na krótkich dystansach, ten model pozwala ograniczyć zużycie paliwa i emisję CO₂. Przełączenie na tryb hybrydowy odbywa się płynnie i automatycznie.	NA_WSZYSTKIE_KOŁA	3.24	55f8e95f-0c3d-452a-aee9-efcbc5c31f51_82c4ae9df16e42beb0e598ba5cfcbbb3.png	0	M440i	BMW M440i xDrive Coupe	350500.00	2025	250	AUTO_8	YXRV9LJD6RCWLFHYS
69	6.7	combi	Połyskujący miedziany szary, metalizowany	nowy	Zaawansowany system zarządzania energią pozwala inteligentnie wykorzystać oba źródła napędu. W połączeniu z typową dla BMW precyzją prowadzenia, auto oferuje komfort i oszczędność.	NA_WSZYSTKIE_KOŁA	5.91	6d468dc1-ab08-4aca-83a1-b9f7bc3e4ef3_6216137c883347b8a142afd068f7da8e.png	0	216i Active Tourer	BMW 216i Active Tourer	159000.00	2022	195	AUTO_7	P295CKVN01E9MV89K
70	5.8	suv	Połyskujący miedziany szary metalizowany	używany	BMW z napędem hybrydowym oferuje elastyczność użytkowania – ładowanie z gniazdka lub stacji publicznej oraz możliwość korzystania z silnika spalinowego na dłuższych trasach bez stresu o zasięg.	NA_WSZYSTKIE_KOŁA	4.5	34d67b39-c5be-4ae8-a664-2d7d2e2aabbe_f1c13225870843c3bd3df240c8485afc.png	31509	X7	BMW X7 xDrive40d	527500.00	2022	250	AUTO_8	NLZMMA1Z7LB1VBF6X
71	7.1	suv	Pomarańczowy Utah metalizowany	nowy	BMW z napędem hybrydowym oferuje elastyczność użytkowania – ładowanie z gniazdka lub stacji publicznej oraz możliwość korzystania z silnika spalinowego na dłuższych trasach bez stresu o zasięg.	NA_WSZYSTKIE_KOŁA	3.42	1977e2b2-51b4-4d48-a1bd-4ba0d8259b44_20302b63217445a3a1b09b91a638dc02.png	0	X1	BMW X1 sDrive18d	205000.00	2025	233	AUTO_7	MSJ8CJ3A9NF68P4FU
72	5.4	suv	Szary drawit BMW Individual metalizowany	używany	Samochód hybrydowy łączy moc silnika spalinowego z efektywnością napędu elektrycznego, zapewniając cichą jazdę w mieście i dynamiczne osiągi na trasie. Idealny kompromis między ekologią a zasięgiem.	NA_WSZYSTKIE_KOŁA	3.94	db5863b0-ce0a-4599-a6a8-0f7e8afd40bb_1c1933426512441891c56a54202bd682.png	20513	X6	BMW X6 xDrive30d	433000.00	2023	250	AUTO_8	EFM0NGR474328XZSN
73	8.4	suv	Niebieski Phytonic metalizowany	używany	Zaawansowany system zarządzania energią pozwala inteligentnie wykorzystać oba źródła napędu. W połączeniu z typową dla BMW precyzją prowadzenia, auto oferuje komfort i oszczędność.	NA_WSZYSTKIE_KOŁA	4.93	1a384c55-c6f9-4004-bf45-10479c36db16_cf374ad5952548ecb1380ebf91006ab2.png	391	X4	BMW X4 xDrive20d	270000.00	2025	215	AUTO_8	SPUPJH9NXUS3UGJ20
74	4.9	suv	Żółty São Paulo M niemetalizowany	używany	Zaawansowany system zarządzania energią pozwala inteligentnie wykorzystać oba źródła napędu. W połączeniu z typową dla BMW precyzją prowadzenia, auto oferuje komfort i oszczędność.	NA_WSZYSTKIE_KOŁA	3.39	542bd635-6bc2-466b-884c-7a8a17c233b1_29a152a00b724e48bc0fcce95ed659ff.png	23213	X4 M40d	BMW X4 M40d	363000.00	2025	250	AUTO_8	NCKJXPT61V7YNRVH8
75	7.8	suv	Szary Sophisto Z Brylantowym Połyskiem Metalizowany	używany	Samochód hybrydowy łączy moc silnika spalinowego z efektywnością napędu elektrycznego, zapewniając cichą jazdę w mieście i dynamiczne osiągi na trasie. Idealny kompromis między ekologią a zasięgiem.	NA_WSZYSTKIE_KOŁA	4.08	afe0d496-bbc3-4071-af1b-b51db57575cf_313b29a1895648a695b7be4e14dc6f9d.png	26853	X3 20d	BMW X3 20d xDrive	266500.00	2024	215	AUTO_8	6WXAKV6M02HGC28L3
76	5.8	limuzyna	Mroźny głęboki szary BMW Individual metalizowany	nowy	Zaawansowany system zarządzania energią pozwala inteligentnie wykorzystać oba źródła napędu. W połączeniu z typową dla BMW precyzją prowadzenia, auto oferuje komfort i oszczędność.	NA_WSZYSTKIE_KOŁA	3.55	88f76914-5c2c-4faa-b642-9e9c1a348797_6a2d290cc9df4559a45937ce24112034.png	0	740d	BMW 740d xDrive Limuzyna	560500.00	2021	250	AUTO_8	91HL7JJD8RA0UJWSM
77	4.7	coupe	Niebieski tanzanit metalizowany BMW Individual	nowy	BMW z napędem hybrydowym oferuje elastyczność użytkowania – ładowanie z gniazdka lub stacji publicznej oraz możliwość korzystania z silnika spalinowego na dłuższych trasach bez stresu o zasięg.	NA_WSZYSTKIE_KOŁA	3.66	d050ca1d-8589-4066-97da-c8bce6508f47_6299e90778ea424f89b09799b732a959.png	0	M440d	BMW M440d xDrive Coupe	350500.00	2023	250	AUTO_8	Y9YCTHGS5N19W2HAV
78	4.7	cabriolet	Niebieski tanzanit metalizowany BMW Individual	używany	BMW z napędem hybrydowym oferuje elastyczność użytkowania – ładowanie z gniazdka lub stacji publicznej oraz możliwość korzystania z silnika spalinowego na dłuższych trasach bez stresu o zasięg.	NA_WSZYSTKIE_KOŁA	5.37	7ac3307c-3cc3-4952-913c-88814837a66d_7b065f0f409848e68b87e01e0949a8fa.png	15756	M440d	BMW M440d xDrive Cabrio	390500.00	2021	250	AUTO_8	MYPZ6G765AA32JX46
79	7.9	coupe	Czerwień Dragon Fire metalizowany	nowy	Ten samochód hybrydowy to propozycja dla kierowców, którzy chcą zmniejszyć swój ślad węglowy bez rezygnacji z tradycyjnej dynamiki i zasięgu. Zintegrowane systemy wspomagające dbają o optymalną efektywność jazdy.	NAPĘD_PRZEDNI	5.59	85d6bfb6-ddf9-48e6-bea0-2e67c68f8d6a_65b91da9c6d14ff09167961d95f7940c.png	0	218d Gran Coupe	BMW 218d Gran Coupe	170000.00	2023	230	AUTO_7	HRX63U80XVAKN2Z7G
80	7.8	compact	Zielony Cape York metalizowany	używany	Zaawansowany system zarządzania energią pozwala inteligentnie wykorzystać oba źródła napędu. W połączeniu z typową dla BMW precyzją prowadzenia, auto oferuje komfort i oszczędność.	NAPĘD_PRZEDNI	5.49	24faeb97-52d6-4eae-be81-c8e39630861a_ca22c92847954da7a691a88b52e34bd7.png	21618	118d	BMW 118d	155000.00	2025	226	AUTO_7	6SPJJ9FF4D37XL3TF
81	6.7	combi	Połyskujący miedziany szary, metalizowany	używany	BMW z napędem hybrydowym oferuje elastyczność użytkowania – ładowanie z gniazdka lub stacji publicznej oraz możliwość korzystania z silnika spalinowego na dłuższych trasach bez stresu o zasięg.	NA_WSZYSTKIE_KOŁA	3.98	04155e62-9d44-4c01-ae7a-2c1e728aa54f_535d19a466c7414eb8a75adcb65dd6b3.png	39804	218d Active Tourer	BMW 218d Active Tourer	179000.00	2024	195	AUTO_7	N0P70GNU8TWGB5ULM
\.


--
-- Data for Name: silniki; Type: TABLE DATA; Schema: public; Owner: myuser
--

COPY public.silniki (id, rodzaj_paliwa, moc_silnika) FROM stdin;
112	elektryczny	601
113	elektryczny	601
114	elektryczny	340
115	elektryczny	601
116	elektryczny	659
117	elektryczny	544
118	elektryczny	340
119	elektryczny	659
120	elektryczny	544
121	elektryczny	659
122	elektryczny	340
123	elektryczny	340
124	elektryczny	340
125	benzyna	551
126	diesel	300
127	benzyna	300
128	benzyna	333
129	diesel	530
130	benzyna	333
131	diesel	530
132	diesel	530
133	diesel	530
134	diesel	333
135	benzyna	184
136	diesel	551
137	diesel	184
138	benzyna	245
139	benzyna	530
140	diesel	245
141	benzyna	530
142	diesel	530
143	benzyna	530
144	benzyna	530
145	diesel	300
146	benzyna	300
147	diesel	480
148	diesel	197
149	diesel	333
150	benzyna	184
151	diesel	184
152	diesel	245
153	diesel	530
154	benzyna	245
155	diesel	530
156	elektryczny	299
157	diesel	299
158	elektryczny	299
159	diesel	299
160	elektryczny	299
161	diesel	299
162	elektryczny	218
163	benzyna	218
164	elektryczny	292
165	diesel	292
166	elektryczny	245
167	benzyna	245
168	elektryczny	381
169	diesel	381
170	elektryczny	381
171	diesel	381
172	elektryczny	381
173	diesel	381
174	elektryczny	530
175	benzyna	530
176	elektryczny	625
177	diesel	625
178	elektryczny	530
179	benzyna	530
180	elektryczny	208
181	benzyna	208
182	elektryczny	184
183	benzyna	184
184	elektryczny	398
185	diesel	398
186	elektryczny	360
187	benzyna	360
188	elektryczny	218
189	diesel	218
190	elektryczny	374
191	benzyna	374
192	elektryczny	374
193	diesel	374
194	elektryczny	374
195	benzyna	374
196	elektryczny	374
197	benzyna	374
198	elektryczny	245
199	benzyna	245
200	elektryczny	381
201	diesel	381
202	elektryczny	218
203	diesel	218
204	elektryczny	381
205	diesel	381
206	elektryczny	184
207	benzyna	184
208	elektryczny	360
209	diesel	360
210	elektryczny	208
211	benzyna	208
212	elektryczny	299
213	benzyna	299
214	elektryczny	374
215	diesel	374
216	elektryczny	374
217	benzyna	374
218	elektryczny	170
219	diesel	170
220	elektryczny	170
221	benzyna	170
222	elektryczny	245
223	diesel	245
\.


--
-- Data for Name: silniki_elektryczne; Type: TABLE DATA; Schema: public; Owner: myuser
--

COPY public.silniki_elektryczne (pojemnosc_akumulatora, id) FROM stdin;
81.2	112
81.2	113
81.2	114
81.2	115
108.9	116
101.7	117
81.2	118
101.7	119
81.1	120
101.7	121
81.2	122
81.2	123
81.2	124
19.7	156
19.4	158
0.9	160
0.9	162
19.5	164
14.2	166
0.4	168
0.4	170
0.4	172
0.4	174
0.4	176
0.4	178
0.9	180
0.4	182
0.9	184
0.4	186
0.9	188
0.4	190
0.4	192
0.4	194
0.4	196
14.2	198
0.4	200
0.9	202
0.4	204
0.4	206
0.4	208
0.9	210
0.9	212
0.4	214
0.4	216
0.9	218
0.9	220
14.2	222
\.


--
-- Data for Name: silniki_spalinowe; Type: TABLE DATA; Schema: public; Owner: myuser
--

COPY public.silniki_spalinowe (liczba_cylindrow, pojemnosc, id) FROM stdin;
6	2993	125
4	1998	126
4	1998	127
6	2998	128
8	4395	129
6	2998	130
8	4395	131
8	4395	132
8	4395	133
6	2998	134
4	1998	135
6	2993	136
4	1998	137
4	1998	138
6	2993	139
4	1998	140
6	2993	141
6	2993	142
6	2993	143
6	2993	144
4	1998	145
4	1998	146
6	2993	147
4	1998	148
6	2998	149
4	1998	150
4	1998	151
4	1998	152
6	2993	153
4	1998	154
6	2993	155
4	1998	157
4	1998	159
6	2993	161
4	1998	163
4	1998	165
3	1499	167
6	2998	169
6	2998	171
6	2998	173
8	4395	175
8	4395	177
8	4395	179
4	1998	181
4	1998	183
6	2998	185
6	2998	187
4	1998	189
6	2998	191
6	2998	193
6	2998	195
6	2998	197
3	1499	199
6	2998	201
4	1998	203
6	2998	205
4	1998	207
6	2998	209
4	1998	211
6	2993	213
6	2998	215
6	2998	217
3	1499	219
3	1499	221
3	1499	223
\.


--
-- Data for Name: transakcje; Type: TABLE DATA; Schema: public; Owner: myuser
--

COPY public.transakcje (id, czy_ubezpieczony, sposob_platnosci, czy_zarejestrowany, kwota, data_transakcji, car_id, client_id) FROM stdin;
1	f	GOTÓWKA	t	618500.00	2025-05-23 20:01:53.357142	20	44
2	f	KARTA	f	179000.00	2025-05-23 20:01:53.390402	81	39
3	f	PRZELEW	t	334000.00	2025-05-23 20:01:53.401043	35	49
4	f	KARTA	t	199000.00	2025-05-23 20:01:53.411903	32	87
5	f	KARTA	t	266500.00	2025-05-23 20:01:53.421981	75	68
6	f	GOTÓWKA	f	214000.00	2025-05-23 20:01:53.434007	44	64
7	f	PRZELEW	f	230500.00	2025-05-23 20:01:53.447535	29	99
8	f	GOTÓWKA	t	335000.00	2025-05-23 20:01:53.459612	6	45
9	t	KARTA	t	372500.00	2025-05-23 20:01:53.472133	62	36
10	f	KARTA	t	192500.00	2025-05-23 20:01:53.482499	30	47
11	t	GOTÓWKA	f	588200.00	2025-05-23 20:01:53.494468	59	75
12	t	KARTA	t	207500.00	2025-05-23 20:01:53.505295	46	43
13	f	PRZELEW	t	560500.00	2025-05-23 20:01:53.514297	76	48
14	t	GOTÓWKA	t	334000.00	2025-05-23 20:01:53.524599	45	14
15	t	KARTA	t	350000.00	2025-05-23 20:01:53.535753	12	62
16	t	GOTÓWKA	f	560000.00	2025-05-23 20:01:53.546178	8	70
17	f	PRZELEW	t	350500.00	2025-05-23 20:01:53.555685	65	42
18	t	KARTA	t	655500.00	2025-05-23 20:01:53.568731	50	13
19	t	GOTÓWKA	f	478000.00	2025-05-23 20:01:53.581004	26	8
20	f	KARTA	t	740000.00	2025-05-23 20:01:53.593111	34	54
21	t	KARTA	f	633500.00	2025-05-23 20:01:53.605293	25	22
22	t	KARTA	f	327500.00	2025-05-23 20:01:53.615319	47	12
23	t	PRZELEW	f	245500.00	2025-05-23 20:01:53.627707	42	65
24	t	GOTÓWKA	t	280500.00	2025-05-23 20:01:53.63891	43	85
25	t	PRZELEW	t	780000.00	2025-05-23 20:01:53.650162	21	38
\.


--
-- Name: klienci_id_seq; Type: SEQUENCE SET; Schema: public; Owner: myuser
--

SELECT pg_catalog.setval('public.klienci_id_seq', 100, true);


--
-- Name: samochody_id_seq; Type: SEQUENCE SET; Schema: public; Owner: myuser
--

SELECT pg_catalog.setval('public.samochody_id_seq', 81, true);


--
-- Name: silniki_id_seq; Type: SEQUENCE SET; Schema: public; Owner: myuser
--

SELECT pg_catalog.setval('public.silniki_id_seq', 223, true);


--
-- Name: transakcje_id_seq; Type: SEQUENCE SET; Schema: public; Owner: myuser
--

SELECT pg_catalog.setval('public.transakcje_id_seq', 25, true);


--
-- Name: klienci_firmowi klienci_firmowi_pkey; Type: CONSTRAINT; Schema: public; Owner: myuser
--

ALTER TABLE ONLY public.klienci_firmowi
    ADD CONSTRAINT klienci_firmowi_pkey PRIMARY KEY (id);


--
-- Name: klienci klienci_pkey; Type: CONSTRAINT; Schema: public; Owner: myuser
--

ALTER TABLE ONLY public.klienci
    ADD CONSTRAINT klienci_pkey PRIMARY KEY (id);


--
-- Name: klienci_prywatni klienci_prywatni_pkey; Type: CONSTRAINT; Schema: public; Owner: myuser
--

ALTER TABLE ONLY public.klienci_prywatni
    ADD CONSTRAINT klienci_prywatni_pkey PRIMARY KEY (id);


--
-- Name: samochody samochody_pkey; Type: CONSTRAINT; Schema: public; Owner: myuser
--

ALTER TABLE ONLY public.samochody
    ADD CONSTRAINT samochody_pkey PRIMARY KEY (id);


--
-- Name: silniki_elektryczne silniki_elektryczne_pkey; Type: CONSTRAINT; Schema: public; Owner: myuser
--

ALTER TABLE ONLY public.silniki_elektryczne
    ADD CONSTRAINT silniki_elektryczne_pkey PRIMARY KEY (id);


--
-- Name: silniki silniki_pkey; Type: CONSTRAINT; Schema: public; Owner: myuser
--

ALTER TABLE ONLY public.silniki
    ADD CONSTRAINT silniki_pkey PRIMARY KEY (id);


--
-- Name: silniki_spalinowe silniki_spalinowe_pkey; Type: CONSTRAINT; Schema: public; Owner: myuser
--

ALTER TABLE ONLY public.silniki_spalinowe
    ADD CONSTRAINT silniki_spalinowe_pkey PRIMARY KEY (id);


--
-- Name: transakcje transakcje_pkey; Type: CONSTRAINT; Schema: public; Owner: myuser
--

ALTER TABLE ONLY public.transakcje
    ADD CONSTRAINT transakcje_pkey PRIMARY KEY (id);


--
-- Name: klienci_firmowi uk3u98hh9cm5oojxavh0yq4x4mu; Type: CONSTRAINT; Schema: public; Owner: myuser
--

ALTER TABLE ONLY public.klienci_firmowi
    ADD CONSTRAINT uk3u98hh9cm5oojxavh0yq4x4mu UNIQUE (nip);


--
-- Name: transakcje uk7e2in2o97yomgwldu0m9xnujd; Type: CONSTRAINT; Schema: public; Owner: myuser
--

ALTER TABLE ONLY public.transakcje
    ADD CONSTRAINT uk7e2in2o97yomgwldu0m9xnujd UNIQUE (car_id);


--
-- Name: klienci_firmowi ukaky0gld5nnm1012q04f19qk4w; Type: CONSTRAINT; Schema: public; Owner: myuser
--

ALTER TABLE ONLY public.klienci_firmowi
    ADD CONSTRAINT ukaky0gld5nnm1012q04f19qk4w UNIQUE (nazwa_firmy);


--
-- Name: klienci ukh4poq1diwwcc1wcxhyjdhybxe; Type: CONSTRAINT; Schema: public; Owner: myuser
--

ALTER TABLE ONLY public.klienci
    ADD CONSTRAINT ukh4poq1diwwcc1wcxhyjdhybxe UNIQUE (email);


--
-- Name: klienci ukjgbutj2cq9h4x3d46p8q7xl6q; Type: CONSTRAINT; Schema: public; Owner: myuser
--

ALTER TABLE ONLY public.klienci
    ADD CONSTRAINT ukjgbutj2cq9h4x3d46p8q7xl6q UNIQUE (numer_telefonu);


--
-- Name: klienci_prywatni ukm2oqsd0s8854gun6esi0ek1bw; Type: CONSTRAINT; Schema: public; Owner: myuser
--

ALTER TABLE ONLY public.klienci_prywatni
    ADD CONSTRAINT ukm2oqsd0s8854gun6esi0ek1bw UNIQUE (pesel);


--
-- Name: samochody uktnrxul88bo28wu3ouub20i9wc; Type: CONSTRAINT; Schema: public; Owner: myuser
--

ALTER TABLE ONLY public.samochody
    ADD CONSTRAINT uktnrxul88bo28wu3ouub20i9wc UNIQUE (numer_vin);


--
-- Name: transakcje fk6lmu6q0ssdkdw83ehkvblc9qx; Type: FK CONSTRAINT; Schema: public; Owner: myuser
--

ALTER TABLE ONLY public.transakcje
    ADD CONSTRAINT fk6lmu6q0ssdkdw83ehkvblc9qx FOREIGN KEY (car_id) REFERENCES public.samochody(id);


--
-- Name: samochod_silnik fk6loompag7kpv3vdva27ft62cs; Type: FK CONSTRAINT; Schema: public; Owner: myuser
--

ALTER TABLE ONLY public.samochod_silnik
    ADD CONSTRAINT fk6loompag7kpv3vdva27ft62cs FOREIGN KEY (engine_id) REFERENCES public.silniki(id);


--
-- Name: klienci_firmowi fk7uhu9t5f0en4s6n9gig8esk8i; Type: FK CONSTRAINT; Schema: public; Owner: myuser
--

ALTER TABLE ONLY public.klienci_firmowi
    ADD CONSTRAINT fk7uhu9t5f0en4s6n9gig8esk8i FOREIGN KEY (id) REFERENCES public.klienci(id);


--
-- Name: klienci_prywatni fk8sn8312g48sflktupmksf6n8v; Type: FK CONSTRAINT; Schema: public; Owner: myuser
--

ALTER TABLE ONLY public.klienci_prywatni
    ADD CONSTRAINT fk8sn8312g48sflktupmksf6n8v FOREIGN KEY (id) REFERENCES public.klienci(id);


--
-- Name: samochod_silnik fkefeljewrhhk7u6cgjo9vwgw55; Type: FK CONSTRAINT; Schema: public; Owner: myuser
--

ALTER TABLE ONLY public.samochod_silnik
    ADD CONSTRAINT fkefeljewrhhk7u6cgjo9vwgw55 FOREIGN KEY (car_id) REFERENCES public.samochody(id);


--
-- Name: silniki_spalinowe fkk83tr5tgj1vnypxdkcvvxxwwl; Type: FK CONSTRAINT; Schema: public; Owner: myuser
--

ALTER TABLE ONLY public.silniki_spalinowe
    ADD CONSTRAINT fkk83tr5tgj1vnypxdkcvvxxwwl FOREIGN KEY (id) REFERENCES public.silniki(id);


--
-- Name: transakcje fkk9knc13f7s3nbqy8mckrcos8q; Type: FK CONSTRAINT; Schema: public; Owner: myuser
--

ALTER TABLE ONLY public.transakcje
    ADD CONSTRAINT fkk9knc13f7s3nbqy8mckrcos8q FOREIGN KEY (client_id) REFERENCES public.klienci(id);


--
-- Name: silniki_elektryczne fktmxao2hhddxgepc7ogog6697m; Type: FK CONSTRAINT; Schema: public; Owner: myuser
--

ALTER TABLE ONLY public.silniki_elektryczne
    ADD CONSTRAINT fktmxao2hhddxgepc7ogog6697m FOREIGN KEY (id) REFERENCES public.silniki(id);


--
-- PostgreSQL database dump complete
--

--
-- Database "postgres" dump
--

\connect postgres

--
-- PostgreSQL database dump
--

-- Dumped from database version 17.5 (Debian 17.5-1.pgdg120+1)
-- Dumped by pg_dump version 17.5 (Homebrew)

SET statement_timeout = 0;
SET lock_timeout = 0;
SET idle_in_transaction_session_timeout = 0;
SET transaction_timeout = 0;
SET client_encoding = 'UTF8';
SET standard_conforming_strings = on;
SELECT pg_catalog.set_config('search_path', '', false);
SET check_function_bodies = false;
SET xmloption = content;
SET client_min_messages = warning;
SET row_security = off;

--
-- PostgreSQL database dump complete
--

--
-- PostgreSQL database cluster dump complete
--

